"Status","Start Time","Stop Time","Duration in ms","Parent Suite","Suite","Sub Suite","Test Class","Test Method","Name","Description"
"passed","Fri Jun 05 20:54:26 UTC 2026","Fri Jun 05 20:54:27 UTC 2026","506","","com.eylul.tests.BookingTests","","com.eylul.tests.BookingTests","testGetBookings","GET all bookings returns non-empty list",""
"passed","Fri Jun 05 20:54:29 UTC 2026","Fri Jun 05 20:54:29 UTC 2026","291","","com.eylul.tests.NegativeBookingTests","","com.eylul.tests.NegativeBookingTests","testGetNonExistentBookingById","DELETE without auth token returns 403",""
"passed","Fri Jun 05 20:54:27 UTC 2026","Fri Jun 05 20:54:27 UTC 2026","354","","com.eylul.tests.BookingTests","","com.eylul.tests.BookingTests","testCreateBooking","POST create booking returns created resource",""
"passed","Fri Jun 05 20:54:28 UTC 2026","Fri Jun 05 20:54:29 UTC 2026","292","","com.eylul.tests.NegativeBookingTests","","com.eylul.tests.NegativeBookingTests","testDeleteBookingWithoutAuth","GET non-existent booking ID returns 404",""
"passed","Fri Jun 05 20:54:26 UTC 2026","Fri Jun 05 20:54:26 UTC 2026","389","","com.eylul.tests.BookingTests","","com.eylul.tests.BookingTests","testGetBookingById","GET booking by valid ID returns 200",""
"passed","Fri Jun 05 20:54:27 UTC 2026","Fri Jun 05 20:54:28 UTC 2026","324","","com.eylul.tests.BookingTests","","com.eylul.tests.BookingTests","testUpdateBooking","PUT update booking with auth returns updated resource",""
"passed","Fri Jun 05 20:54:30 UTC 2026","Fri Jun 05 20:54:30 UTC 2026","301","","com.eylul.tests.AuthTest","","com.eylul.tests.AuthTest","authTest","POST auth credentials returns auth token",""
"passed","Fri Jun 05 20:54:28 UTC 2026","Fri Jun 05 20:54:28 UTC 2026","618","","com.eylul.tests.BookingTests","","com.eylul.tests.BookingTests","testDeleteBookingById","DELETE booking with auth returns 201, GET returns 404",""
"passed","Fri Jun 05 20:54:29 UTC 2026","Fri Jun 05 20:54:29 UTC 2026","297","","com.eylul.tests.NegativeBookingTests","","com.eylul.tests.NegativeBookingTests","testCreateBookingWithInvalidBody","POST with empty body returns 500",""
